stock_id,mean_ripples
SH900956,45.9950363667
SZ131800,9.00378787879
SH120485,8.63251149216
SH202001,7.52503472222
SH202007,6.79613613237
SH201009,5.70505809979
SH201000,5.18623372633
SH202003,4.5814494382
SZ131801,4.25114371868
SH120520,4.05817811025
SH201008,3.64643028722
SH201010,3.64477156404
SZ131805,3.5
SZ131804,3.46666666667
SH204014,3.43666666667
SZ131806,3.42465753425
SZ131802,3.36415880503
SH204028,3.34225485762
SH600629,2.70914526487
SH120509,2.64832456297
SZ000592,2.59212832243
SH120519,2.58825890139
SZ131803,2.58333333333
SZ000650,2.49825721279
SZ002272,2.49615384615
SZ000578,2.44923464482
SH600137,2.37566881998
SH204007,2.3625
SZ000728,2.26348854419
SH120521,2.17175187217
SZ100501,2.15183988549
SH120516,2.1484337517
SZ002273,1.95948275862
SZ200054,1.95197466169
SZ000880,1.9119366775
SH600837,1.8864447328
SZ000686,1.88054936432
SZ200770,1.87309518588
SH600515,1.82768770058
SH900916,1.82433214534
SH900953,1.81933413551
SZ200029,1.8061549378
SH600109,1.80545392631
SH900913,1.80391506213
SH900908,1.80166140393
SH900928,1.79104873019
SH900921,1.78077353907
SZ200468,1.77784042781
SZ000783,1.77075340497
SZ000546,1.77042698398
SZ200018,1.76978672003
SH900907,1.76516093388
SH600239,1.761524542
SZ200413,1.7560176194
SZ200025,1.75584338672
SH900931,1.75365418895
SH900943,1.7519687135
SH600703,1.74983832328
SZ000605,1.7484630771
SH900909,1.745491229
SH600552,1.74319298007
SH600550,1.74308261475
SH600681,1.74240261865
SZ000012,1.74081945686
SZ200992,1.73704984006
SH600864,1.73566572905
SZ200168,1.72588803042
SH600477,1.72570779825
SH900904,1.72521735884
SZ200012,1.72089169163
SZ200045,1.72023687067
SZ200019,1.71814223769
SH600833,1.71734922907
SH600656,1.71524616273
SZ000685,1.71205869975
SZ200017,1.71158871366
SZ000723,1.71108411674
SZ200596,1.70905161891
SH600739,1.70662264576
SZ000515,1.70448069829
SH900906,1.70392383531
SH900917,1.69728650876
SH900948,1.69567295535
SZ000718,1.69549671678
SZ000801,1.69418962202
SH600759,1.6939782208
SZ200026,1.69214416146
SH201002,1.69214306327
SH600385,1.69021931651
SH600844,1.68970240868
SH900926,1.68907705809
SZ000150,1.68775660823
SZ000590,1.68653387166
SZ000505,1.6860313629
SZ000862,1.68567295027
SZ200160,1.68502327437
SZ002019,1.68341991408
SH900930,1.683215439
SH900951,1.68192038617
SH900920,1.68171342908
SH000300,1.68049001674
SH399300,1.68049001674
SH600151,1.68045775567
SZ000025,1.67948983017
SZ200625,1.67876513781
SZ000019,1.67850338129
SZ000596,1.67674877219
SZ000502,1.67626283487
SZ002145,1.67539874823
SZ200056,1.67305826677
SH600816,1.67298817474
SH600547,1.67215186159
SZ200011,1.66948222364
SZ200020,1.66775614501
SZ200505,1.66241044263
SH600691,1.66139038574
SZ002259,1.66081871345
SZ000020,1.66027100843
SZ200986,1.6592669199
SH600272,1.65926330271
SZ200030,1.65738732015
SH600326,1.65593606048
SH600633,1.65554355354
SZ002253,1.65542869643
SH600073,1.65517595466
SZ002274,1.65489404642
SZ000609,1.6545963416
SH900924,1.65445918548
SH600376,1.65409362352
SZ000537,1.65385151138
SH900950,1.65040583275
SZ000569,1.64972214702
SZ200521,1.64925533242
SH600677,1.64823675826
SZ200706,1.64735833908
SH900957,1.6466987364
SZ000657,1.64451237805
SZ000953,1.6443555012
SZ000952,1.64413541043
SZ000425,1.64373120607
SH600818,1.64356944178
SH600888,1.64003829014
SH600115,1.63914501042
SH600640,1.6382706794
SH600107,1.63810431556
SZ000887,1.63769537497
SZ000558,1.6371897303
SH600614,1.63549558552
SH600291,1.63432203306
SH600961,1.63405632057
SH600898,1.63349601125
SH600617,1.63121151967
SZ000712,1.63090271452
SZ000557,1.63020964827
SH600251,1.62985090914
SH900955,1.62753541033
SZ000015,1.62734058225
SH600311,1.6272258809
SZ200152,1.62683535794
SZ000682,1.62671839213
SZ000838,1.6259175257
SH600086,1.62557124312
SZ000503,1.62395181206
SH601899,1.62333333333
SH000017,1.62233453391
SH600489,1.62196031086
SZ200725,1.62074611144
SH600862,1.62074001826
SH600635,1.6198849428
SH600674,1.6195080384
SZ000572,1.61945108428
SH900927,1.61919480176
SZ000046,1.6190714809
SZ000029,1.61895394518
SZ000416,1.61891524188
SH600290,1.61779022509
SZ000562,1.61757164498
SH900902,1.6165718971
SZ000587,1.61292285389
SH600072,1.6126966165
SH600714,1.61225177082
SH600478,1.6116883335
SH600316,1.61133732906
SZ000608,1.61103520524
SH900922,1.6105569966
SH600128,1.61005599561
SH600369,1.60960975925
SH600683,1.60944231648
SZ200513,1.60817820091
SZ000532,1.60772093926
SZ200771,1.60686409424
SH600230,1.60618291082
SH600733,1.60602436394
SH600804,1.60572759669
SZ200613,1.60453813639
SZ000850,1.60435679556
SZ200015,1.6029004329
SZ000565,1.60236806131
SH600372,1.60019474648
SZ000602,1.59987911164
SZ000518,1.59985472426
SZ000663,1.59946119401
SH600857,1.5992817223
SH900933,1.59917307691
SZ000623,1.59888821511
SH600678,1.5975031718
SH900905,1.59744402224
SZ002221,1.59627329193
SZ000498,1.59614622926
SZ000628,1.59484799725
SZ000758,1.59376027676
SH600721,1.59355092304
SH600246,1.59286688227
SH600657,1.58925957579
SZ000525,1.58840168778
SZ000613,1.58838465669
SH600213,1.58739431431
SH600118,1.58730323995
SH600076,1.58721757329
SH600668,1.58707002102
SZ000777,1.58661449774
SH600553,1.58657997613
SZ000833,1.58625291745
SZ000035,1.58448911619
SH600848,1.58413317692
SH900915,1.58412579831
SH600397,1.58403582789
SZ000655,1.5840160855
SH600482,1.58359279736
SH900941,1.58217110162
SZ000802,1.58185574836
SZ000739,1.58162718176
SH600836,1.58128056023
SH600093,1.58076655752
SZ000835,1.58004026245
SH600679,1.57982810553
SZ000776,1.57908462633
SH900919,1.57896779723
SZ200553,1.57887674682
SZ000056,1.57843139941
SH600559,1.57830091803
SH900901,1.57697758945
SH600503,1.57571647515
SH900935,1.57556722162
SH900918,1.57545402899
SZ000612,1.57538042103
SH600099,1.57458773939
SH600081,1.57429689602
SH600106,1.57406762241
SH600381,1.57354168103
SH900946,1.57327395954
SZ000652,1.57319407843
SZ002016,1.57306366846
SH900939,1.57255065588
SZ000920,1.57246167677
SH600823,1.57243717597
SZ000014,1.57232358629
SZ000008,1.57167365958
SH600084,1.57156484198
SH600851,1.57133892543
SH600581,1.57088851327
SH600606,1.57053998083
SZ000738,1.56939611607
SH600331,1.56923256135
SZ000902,1.56907433188
SH600831,1.56832243069
SH600731,1.56808066632
SZ200057,1.56751262612
SZ000957,1.56641243209
SH600158,1.56639748101
SH600162,1.56594245638
SZ200037,1.5654392841
SZ000586,1.56520095593
SZ000831,1.56517232648
SZ000411,1.56442302572
SH600193,1.56423772273
SH600053,1.56300716763
SH600383,1.56287799417
SZ000908,1.5623350099
SH600763,1.56139718431
SH600630,1.56120559893
SZ000617,1.56015115487
SH600209,1.55987538166
SH600287,1.55957229456
SH600362,1.55932706125
SH600167,1.55914681934
SH600685,1.55836375886
SH600252,1.55732981163
SH600743,1.55716678953
SH600055,1.55682078074
SH600058,1.55673880737
SH600456,1.5565200141
SZ000584,1.55585183942
SZ000878,1.55583005188
SH600624,1.55552145994
SH600756,1.55526365775
SH600156,1.55496149398
SZ000760,1.55409792601
SZ000661,1.55384384927
SZ000567,1.55372486499
SH600318,1.55361241527
SH900929,1.55359115756
SZ000534,1.55347210952
SH600249,1.5530470593
SH600965,1.55276642036
SZ000680,1.55263715389
SZ000625,1.55254907096
SH600088,1.55217345038
SZ000597,1.55207441646
SH600472,1.55136547633
SH900936,1.55060134926
SH600869,1.55023335693
SZ000034,1.54955636101
SH600783,1.54935994046
SH600885,1.54918722465
SZ000935,1.54885878507
SZ000065,1.54855399013
SH600220,1.54849984372
SZ000960,1.54796420967
SZ000702,1.54708573819
SZ000982,1.54658056032
SZ200053,1.54562105438
SH600038,1.54543327218
SZ000667,1.545081277
SH600159,1.54403954906
SH600716,1.54370167225
SZ200041,1.54345593726
SH600399,1.54340270717
SH600610,1.54339713697
SH600083,1.54265886078
SZ000616,1.5422434196
SH600608,1.54218931105
SZ002186,1.54163825169
SH900937,1.54147533508
SH600067,1.54029054154
SH600325,1.54013512349
SH600784,1.53996706068
SH600770,1.53976864119
SZ000809,1.53974965414
SH600476,1.53966672311
SH600497,1.53945295844
SH900945,1.5394332235
SZ000791,1.53942473171
SH600767,1.53932866761
SH600173,1.53899853648
SH600150,1.53889994102
SZ000962,1.53815981704
SH600265,1.53807950899
SZ000889,1.53734181003
SZ000598,1.53721101454
SZ000401,1.53709552509
SZ002248,1.53704729019
SH900912,1.53626490086
SZ200418,1.53609256575
SZ002271,1.53591647821
SZ200028,1.53581434679
SH600840,1.53541913171
SH600175,1.53485310296
SZ002265,1.5347098571
SZ000570,1.53439059348
SH600673,1.53422255615
SZ000968,1.53410055168
SZ000793,1.53376426998
SH600111,1.53373331196
SH600981,1.53349513238
SZ000722,1.53324770112
SZ000733,1.53289849308
SZ000060,1.5323241061
SH600842,1.53220118182
SZ000545,1.53188885067
SH600335,1.53159885798
SH600145,1.53158381504
SZ000803,1.53149699647
SH600821,1.53145214105
SZ000400,1.53140622163
SH600853,1.53134724952
SZ000923,1.53089487242
SH600873,1.53082042275
SH600723,1.53071983843
SH600615,1.53054989077
SH600117,1.53048956198
SZ000594,1.53043459328
SH600841,1.53009504735
SZ000892,1.52969733006
SZ200570,1.52956520818
SZ000931,1.529333162
SH600523,1.52920846387
SZ000829,1.52920696184
SH600217,1.52894102193
SH900938,1.52861954949
SH600704,1.52854861712
SZ000159,1.52831358817
SZ000725,1.52820951983
SZ000911,1.52784221634
SZ000428,1.52619875101
SH600735,1.52614641892
SH600715,1.52608810685
SZ000882,1.52601865055
SH600881,1.52596094816
SH600866,1.52532132575
SZ002231,1.52499512741
SH600765,1.52489802234
SZ200039,1.52468957449
SZ000415,1.5246177103
SH600531,1.52435301862
SZ002226,1.52434649898
SH600826,1.5239527675
SH601919,1.52372125377
SH600627,1.52346635625
SH600667,1.52344135308
SZ000540,1.52338657463
SH600030,1.52309799762
SH600546,1.52283611284
SH600090,1.52219729967
SH600354,1.52197843654
SH600238,1.52174056425
SZ000058,1.52145534951
SH600867,1.52120780289
SZ000691,1.52081350198
SH600892,1.52073470825
SH600203,1.5206063769
SZ002234,1.52046202712
SH600658,1.52045249154
SZ000633,1.51990771626
SZ000514,1.51989696524
SZ000927,1.51981287426
SH600499,1.51963257967
SH600277,1.51953280758
SZ000419,1.51932011209
SZ000762,1.51924340468
SZ000768,1.51919257467
SZ000799,1.51911907609
SH600963,1.51906230649
SZ000521,1.51876659073
SH600371,1.51851388524
SZ000547,1.51795180905
SZ200726,1.51794327233
SZ000885,1.51738255704
SH600432,1.51722098324
SH600984,1.51610392321
SH600132,1.51608910743
SH900914,1.51604168722
SH600748,1.51591419423
SZ000789,1.5158682096
SH600825,1.51582096496
SZ000851,1.51579665564
SH600764,1.51569365777
SZ000033,1.51557096318
SZ200530,1.51535277485
SZ002182,1.51521744704
SZ000790,1.51475930295
SZ001696,1.51471615417
SZ000813,1.51445050861
SZ000656,1.51443389397
SH600108,1.51429063061
SH600812,1.51417941802
SZ000895,1.51360743543
SH600538,1.51339944753
SZ000555,1.51326924236
SH600102,1.51321490407
SH600275,1.51278807794
SH600894,1.51275421737
SH600157,1.51242096112
SZ000958,1.51236014362
SZ200058,1.51218905722
SH600801,1.51201149831
SH600359,1.51168973986
SH600129,1.51148826058
SH600802,1.51147648843
SH900910,1.51100543208
SH600435,1.51026873628
SH600896,1.5101447917
SH600737,1.50983464574
SZ000513,1.50977158137
SZ000509,1.50955924606
SH600570,1.50942042914
SH600192,1.50934893138
SZ000909,1.50930320542
SH600459,1.50906321471
SH600808,1.50882293072
SH600346,1.50865522025
SH600122,1.50817951572
SH600199,1.50803729739
SZ002263,1.50789473684
SH600884,1.50748637008
SZ000561,1.5072444648
SH600517,1.50723374862
SH600123,1.5072308759
SZ000635,1.50719325047
SZ000710,1.50688791978
SH600858,1.50686399666
SZ000010,1.50680042939
SZ000423,1.50674182479
SZ000720,1.50653785375
SZ000543,1.50652708686
SZ000917,1.5065262075
SZ000922,1.50651980203
SZ000576,1.50636886255
SH600792,1.50610710047
SZ000921,1.50591278725
SH600819,1.50566548244
SH600221,1.50565487978
SZ000901,1.50565101325
SZ000979,1.50560666211
SZ000151,1.50553149509
SH600699,1.50501707312
SH600511,1.50501019484
SZ000571,1.50489686315
SZ000990,1.50487047733
SZ000693,1.50482210118
SH900940,1.50461596641
SH600710,1.50444844174
SH600127,1.50442484555
SZ000897,1.50434196115
SH600313,1.50405564127
SH600775,1.50401761648
SH600429,1.50395213139
SH600141,1.50395113657
SH600720,1.50389838357
SZ002144,1.50385712467
SH600604,1.50370768018
SH600618,1.50369296884
SZ000031,1.50360873282
SZ000677,1.50353301528
SZ000786,1.50349530109
SH600997,1.5034571033
SH600856,1.50343260197
SZ000627,1.50340114095
SZ000807,1.50333339913
SH600803,1.50286276711
SH600485,1.50276881901
SZ000409,1.5027059711
SH600872,1.50268871713
SH600889,1.50218829462
SH600228,1.50212503772
SZ200512,1.50180574871
SH600195,1.50111844123
SH600343,1.50093050645
SZ000819,1.50070844941
SZ200550,1.50065663287
SH600184,1.50041460752
SH600263,1.50033189475
SH600380,1.5000588899
SZ000975,1.50005680919
SZ000751,1.49991361585
SH600687,1.49986800543
SZ000007,1.49933493028
SH600120,1.49931484226
SH600509,1.49899551517
SH600138,1.49834713643
SH600603,1.49759072375
SH600179,1.49746291524
SZ000971,1.49709000707
SH600883,1.49692725262
SZ000893,1.49686686255
SZ000697,1.49661849811
SZ000524,1.49636814322
SH600746,1.4959865226
SZ000687,1.49594901802
SZ000737,1.49569643557
SH600052,1.49555612201
SH600191,1.49514621808
SZ000800,1.49504468533
SH600031,1.49495746915
SH600776,1.49480226926
SH600875,1.49475399114
SZ000983,1.49471588059
SH600285,1.4946009591
SH600112,1.4943298273
SZ000681,1.4942487288
SH600379,1.49424806977
SH600223,1.49389458444
SH600732,1.4935635497
SZ000955,1.4935510884
SH600357,1.49293228943
SZ000839,1.49276961176
SH600751,1.4925589409
SZ000055,1.49237318139
SZ002202,1.49224788706
SH600348,1.4919070748
SH600613,1.49161022233
SZ000906,1.49155525128
SH600860,1.491303802
SH600386,1.49124906853
SZ001896,1.49104424592
SH600757,1.49090971646
SH600980,1.49084232631
SZ000713,1.48996980025
SZ002260,1.48994974874
SZ000859,1.48992972505
SH600893,1.48990930505
SH600208,1.48957885213
SH600481,1.48937433712
SH600005,1.48926841487
SH600310,1.48920471353
SZ002097,1.48892651185
SH600405,1.48878887166
SZ000009,1.48874612964
SH600382,1.48866017167
SH600068,1.48860561914
SZ002006,1.48830983908
SH600089,1.488263751
SZ000828,1.48818913722
SH600139,1.48817985436
SH600395,1.4879363333
SH600149,1.48793379964
SZ000061,1.48770705606
SH600525,1.48762994505
SH600161,1.48756634705
SZ000727,1.487358718
SH600806,1.48698379156
SZ000711,1.48693165381
SH600643,1.4868429651
SZ200013,1.48676668244
SZ000673,1.48670755588
SZ000820,1.48639749459
SZ000861,1.4863558047
SZ000806,1.48594802354
SH600483,1.48594604719
SZ000852,1.48575662113
SH600197,1.48549433659
SH600797,1.48545623064
SZ000836,1.48528906307
SZ000404,1.48522283611
SH600623,1.48517040546
SH204091,1.48512820513
SH600551,1.48512776858
SH600078,1.4847981461
SZ000735,1.4847400085
SZ000004,1.48447941888
SH600861,1.48431305707
SZ000157,1.48409152833
SH600730,1.48389805856
SZ000787,1.48377304784
SZ000939,1.48361569749
SZ000582,1.48354894312
SH600063,1.48349458924
SH600528,1.4834565424
SZ000407,1.48337661672
SH600655,1.48299541808
SH600638,1.48279411894
SZ000976,1.48264544337
SZ002041,1.48254552019
SH900947,1.48217347654
SH600811,1.48211178846
SH600358,1.48204512182
SH600408,1.48191189287
SZ002157,1.48182862331
SH600591,1.48179281977
SZ000028,1.48158157926
SH600760,1.48152771556
SH600540,1.48145299448
SH600216,1.48143669588
SZ000636,1.4812396929
SZ000726,1.48123800359
SH600602,1.48113285042
SH600390,1.48089172865
SH600490,1.48084931835
SH600586,1.48075803003
SH600780,1.48073128317
SH600805,1.48061211827
SH600758,1.48037382358
SZ000510,1.4803491553
SH600396,1.48032404072
SH600438,1.48018075742
SZ000690,1.48015439152
SH900952,1.48006295877
SH600166,1.47994909038
SH600185,1.47992015237
SH900923,1.47985024667
SH600094,1.47984222751
SH600074,1.47982851721
SH600165,1.47963558118
SZ000005,1.47962839075
SH600378,1.47953208415
SZ000413,1.47949128512
SZ000937,1.47947418559
SH600828,1.47945894055
SZ000796,1.47907455719
SH600131,1.47901965482
SH600809,1.47901497462
SZ000631,1.47883854793
SH600266,1.47872419959
SH600595,1.47836499355
SZ000925,1.47825967611
SH600340,1.47805832588
SZ000795,1.47804390356
SH600713,1.47778303013
SZ000511,1.47764149949
SH600177,1.47760426902
SH600651,1.47754086892
SZ000933,1.4772545388
SZ399108,1.47688876265
SH600728,1.47668609187
SZ000965,1.47638089438
SH600501,1.47626194396
SH600307,1.47619748547
SH600773,1.47597112745
SZ000961,1.47596979445
SZ002042,1.47583439619
SZ200581,1.47565772319
SH600243,1.47564666912
SH601991,1.47562890649
SH600393,1.47551688067
SZ000533,1.47534266843
SH600634,1.47474677601
SZ000707,1.47462075149
SH600182,1.4741626237
SH600882,1.47414478988
SH600891,1.47387405261
SH900903,1.47362160394
SH600262,1.47356565385
SZ000585,1.47348209618
SH600278,1.47337948643
SH600725,1.47328194124
SH600718,1.47316092263
SH600749,1.47312881516
SH100001,1.47309776822
SH600665,1.47308453375
SH600039,1.47299063326
SH600689,1.47267445672
SH600258,1.47259661382
SH600755,1.47231669003
SH600620,1.47213341931
SZ000779,1.47195194992
SH600609,1.47193667086
SH600339,1.47178064992
SH600830,1.47142610662
SH600605,1.47116761706
SH600815,1.47112673673
SH600169,1.47102221169
SZ000566,1.47095800036
SH600322,1.47087632936
SH600807,1.47086808528
SZ000603,1.47084691522
SH600616,1.47067077402
SH600133,1.4703287394
SH600962,1.47014298345
SZ000050,1.47008464158
SZ000070,1.46995527842
SZ000995,1.46967860138
SH600738,1.4690450091
SZ000026,1.46836816305
SH600771,1.46819055519
SH600781,1.46737135182
SZ000573,1.46736390849
SH600985,1.46733630231
SH600579,1.46729168896
SZ000544,1.46716054977
SH600876,1.46715364465
SH600183,1.46714837387
SH600874,1.46706087108
SZ000951,1.46700395443
SZ000877,1.46675919539
SZ000938,1.46653807114
SZ000676,1.46647752725
SH600301,1.46624786639
SH600877,1.46604595866
SH600599,1.46551751958
SH600967,1.46469379967
SZ200539,1.46440903227
SH600676,1.46428968222
SH600279,1.46416964337
SZ000996,1.46415053092
SZ000430,1.46399068546
SH600680,1.46393439941
SH600986,1.46387255071
SH600146,1.46386538214
SZ002036,1.46365978768
SH600712,1.4636492301
SH600782,1.46358083509
SH900925,1.4628081285
SZ002015,1.46278228151
SZ000552,1.46240685439
SH600502,1.46218654548
SH600793,1.46215237677
SZ000553,1.4620858306
SH600847,1.46207752367
SZ000876,1.46166796493
SH900932,1.46156626101
SZ002009,1.46132792003
SH600644,1.46116198438
SH600306,1.46105256673
SZ000683,1.460958613
SH600711,1.46086321492
SZ000006,1.46074669867
SH600666,1.46033415334
SZ000548,1.46016636816
SH600284,1.46000364882
SZ002037,1.45981861344
SZ000788,1.45954888025
SH600663,1.45952740248
SH600389,1.45951361798
SH201004,1.45941329768
SH600048,1.45935549833
SH600549,1.45930641592
SH600029,1.45930222798
SH600795,1.45894645836
SH600845,1.45875233131
SH600778,1.45872580726
SH600719,1.45838959081
SH600796,1.45827405971
SH600817,1.4582045493
SH600785,1.45810127436
SZ000818,1.45785823309
SH600097,1.45763143936
SH600664,1.45756314134
SH600506,1.45734146469
SZ002075,1.45712401891
SZ000798,1.45702069472
SH600300,1.45696925771
SH600444,1.45695657742
SZ000748,1.45691515468
SZ000023,1.45669141954
SH600850,1.45646397527
SZ002064,1.45645946222
SH600458,1.45621705722
SH600779,1.45612284314
SH600259,1.45599197272
SH600790,1.455544332
SZ000422,1.45527808699
SZ000522,1.45522313504
SH600766,1.45518254325
SH600336,1.45484325466
SH600695,1.45446091233
SH600505,1.45413490374
SH600059,1.45398752948
SZ000528,1.45362232206
SH600121,1.45351627389
SZ002024,1.45338910289
SZ000043,1.45337070851
SH600234,1.45303073448
SZ000708,1.45275971908
SH600585,1.45242323838
SH600768,1.45229181299
SH600791,1.45201199879
SH600707,1.45198790404
SH600387,1.45198684206
SH600543,1.45127049413
SH600069,1.45115482634
SH600753,1.45110998798
SH600496,1.45089479981
SH600095,1.45077859202
SH600647,1.45060045925
SZ000606,1.4505962813
SZ000703,1.45010730931
SZ000695,1.45010137036
SZ000403,1.44966976727
SH600777,1.44952050693
SZ000969,1.44940013077
SH600507,1.44938737923
SH600558,1.44921498925
SZ002270,1.44890289831
SH600582,1.44882541197
SZ002028,1.44854437504
SZ002207,1.4483619773
SZ000610,1.44830195163
SZ000972,1.44828491812
SH600079,1.44796856718
SH600879,1.44778782441
SZ200002,1.44746621939
SH600890,1.44727764095
SZ000811,1.44719219103
SZ200429,1.44706849075
SZ000040,1.44692893912
SH600365,1.44670684432
SZ000042,1.44669107839
SH600207,1.44658926251
SH600576,1.44638653726
SH601111,1.4463646349
SZ000692,1.44626844844
SH600391,1.44607103207
SH600637,1.44596571261
SZ000301,1.44569672486
SH600426,1.44560672751
SZ000559,1.44552208511
SH600855,1.44548985201
SH600119,1.44548698544
SH600416,1.44536984712
SH600800,1.44536436384
SH600064,1.44519814308
SH600231,1.44518900289
SZ000950,1.4450105858
SZ000792,1.44472500157
SZ000898,1.4446084541
SH600829,1.4445702244
SZ000568,1.44452580749
SZ000672,1.44435439314
SH600693,1.44421612439
SH600594,1.44417720899
SH600684,1.44400609332
SH600692,1.44393915686
SZ000949,1.44357204401
SH600449,1.44347834941
SH600648,1.44347781006
SZ002183,1.44338626026
SH600110,1.44328443079
SH600219,1.44311547948
SZ000981,1.4426056505
SZ000563,1.44234739128
SZ000017,1.44195551076
SZ002001,1.44183296235
SH600289,1.4417074411
SZ000659,1.44161400081
SH600226,1.44160755226
SH600641,1.44106042566
SH600786,1.44103237407
SH600508,1.44052947917
SH600527,1.44052016869
SH600849,1.44014940306
SH600742,1.43996918778
SH600468,1.43950197437
SZ002172,1.43940857737
SZ002196,1.43926742013
SZ000716,1.43924771078
SZ000504,1.43918025891
SH600835,1.43902661506
SH600769,1.43852690722
SZ000520,1.4382758394
SH600598,1.43823790818
SH600662,1.43821136028
SH600423,1.43812357277
SZ002004,1.43803145709
SH600522,1.43778462262
SH600282,1.43747534467
SZ000048,1.43737120779
SZ002048,1.43712990699
SH600838,1.43708995452
SZ002018,1.43675028635
SZ000970,1.4366884853
SH600556,1.43659488038
SH600988,1.43623888698
SH600846,1.43618110085
SZ000973,1.43614311538
SZ000753,1.4360768903
SH600653,1.43585946898
SZ002013,1.43576784532
SH600267,1.43546124503
SH600240,1.43540050086
SH601001,1.434703223
SZ000678,1.43438105828
SH600421,1.43421118885
SZ200055,1.43419430813
SH600218,1.43414619383
SZ002005,1.43388577644
SZ200488,1.43386679495
SZ000591,1.43311577811
SZ000418,1.43287685133
SH600744,1.43269552014
SH600675,1.43257454041
SH600446,1.4324342448
SH600087,1.43216264816
SH600061,1.43213051519
SZ200016,1.43200786362
SH600601,1.43187570592
SH600480,1.43184086335
SH600578,1.43183577446
SH600428,1.43161186001
SH600611,1.43159152029
SZ000761,1.43153697318
SZ000622,1.43140263909
SH201003,1.43127677652
SZ000837,1.43120715302
SH900911,1.4309772783
SZ000632,1.4309211351
SZ000030,1.43082352052
SH600488,1.43078210519
SH1A0003,1.43073841889
SZ000998,1.43038953812
SZ000560,1.43000375127
SH600747,1.42991734776
SZ000989,1.42986811696
SZ200003,1.429707879
SZ000858,1.42968399584
SH600100,1.42931018715
SZ002061,1.42918291632
SH600832,1.42900681458
SH900934,1.42886893798
SZ000619,1.4288281702
SH600103,1.42858002608
SZ002244,1.42855009387
SH600555,1.42820067541
SH600834,1.42771990656
SH600329,1.42768462511
SZ000665,1.42766531824
SH600201,1.42739483388
SZ000069,1.42730925606
SH600895,1.42722724856
SH600722,1.42690457728
SH600859,1.42670961501
SH600475,1.42663689212
SZ000856,1.42623712587
SZ002118,1.42607013585
SZ002166,1.42602701858
SZ002012,1.42599796951
SH600622,1.42599082739
SZ000011,1.42560956185
SZ000049,1.42543934114
SZ000999,1.425395253
SH600682,1.42537506885
SH600222,1.42532850829
SZ002143,1.42528330051
SZ000410,1.42523532551
SH600104,1.42470242539
SZ002149,1.42466166698
SH600652,1.42461392755
SH600975,1.42459420831
SH600367,1.42432099157
SH601099,1.42424312306
SZ000581,1.42422550571
SH601168,1.42415385898
SH600268,1.42399554209
SZ000757,1.42392469425
SH600724,1.42343117271
SH600229,1.42340448404
SZ000679,1.42335092934
SZ002201,1.42326504516
SH600299,1.42322501378
SZ000059,1.42319640192
SZ000037,1.42315678294
SZ000756,1.42309839871
SZ000910,1.42305525972
SH600654,1.42302008282
SH600587,1.42273384367
SZ000929,1.42268035375
SZ200024,1.42257316233
SH600338,1.4224637234
SZ000420,1.4224066676
SZ000717,1.42236278758
SH600495,1.42223847549
SZ000985,1.42220719954
SH600176,1.42204302119
SH600210,1.42198556386
SZ000032,1.42184976095
SH600148,1.42181355788
SH601600,1.42180215343
SH600843,1.42177249533
SZ000752,1.421549235
SZ000607,1.42141409955
SZ000715,1.42134573282
SZ000002,1.42114768706
SH600206,1.42112306173
SH600516,1.42110828474
SH600596,1.42077409281
SZ000868,1.42063500443
SZ399305,1.42052794932
SZ000024,1.42048822392
SH600619,1.42040220899
SZ000600,1.42033578701
SZ000501,1.42026498294
SZ000615,1.42019508595
SZ000797,1.42003792152
SZ000651,1.42003020219
SH600409,1.42001805183
SH600466,1.41969699067
SH600660,1.41956824317
SH600706,1.41933536251
SH600607,1.41905259808
SZ000823,1.41903461965
SH600698,1.41902705172
SH900949,1.41891542555
SZ000825,1.41868961716
SZ000785,1.4185883343
SH600051,1.41834285984
SH600361,1.41832562175
SH600392,1.41829956303
SZ000039,1.4181499939
SZ000766,1.41811245842
SZ002011,1.41796659763
SZ000782,1.41779652245
SH600205,1.41778837001
SH601699,1.41771498619
SH600373,1.41759086102
SZ000719,1.41745565658
SH600276,1.41743715474
SH600241,1.41715507174
SH600196,1.41699208089
SH600705,1.41694084245
SZ000928,1.41681724915
SZ000100,1.41616182683
SH600971,1.4159703122
SZ002148,1.41596729562
SH600309,1.41592965307
SH900942,1.4157225398
SH600621,1.4156721124
SH600337,1.41545473409
SZ000550,1.41516783636
SZ000523,1.41511288333
SZ000755,1.41501029839
SZ000926,1.41484994874
SZ002104,1.4146530074
SZ000155,1.41463754157
SZ002035,1.41455710102
SH600510,1.41452520164
SH600593,1.41438740078
SH600135,1.41430307325
SZ000731,1.41427593006
SZ000595,1.41407435057
SH600253,1.41403759158
SH600298,1.41395942711
SZ000778,1.41391604681
SH600584,1.41370998032
SZ002247,1.41367365943
SZ002007,1.4136024561
SH600212,1.41355527167
SH600160,1.41340874884
SZ000881,1.41329835075
SH600082,1.41302343489
SZ002217,1.41277711967
SZ000045,1.41273809656
SZ000507,1.41250554041
SH600302,1.41180089705
SH600425,1.41178807641
SZ002178,1.4116244879
SZ000701,1.41134786154
SZ000611,1.41129613196
SH600406,1.41104019515
SZ000626,1.41097738133
SH600486,1.41065252739
SZ002179,1.41061014625
SH600612,1.41039437006
SH600639,1.41034175894
SZ002038,1.41027642171
SH600568,1.4100301572
SH600098,1.40990705797
SH600868,1.40990149361
SH600225,1.40971606129
SZ000993,1.40947572278
SH600022,1.40929809497
SZ000099,1.40916145661
SZ000899,1.40908963058
SZ000554,1.40901609689
SZ002233,1.40899034963
SH600761,1.40897963257
SZ000821,1.40840294727
SH600360,1.40812136013
SH600995,1.4078115926
SH600750,1.40740109158
SZ000036,1.4070410797
SH600092,1.40637898017
SZ200022,1.4063495473
SH600565,1.40630349248
SH600363,1.40623699212
SH600694,1.40607867164
SH600632,1.40602497849
SZ002203,1.4055597647
SZ002030,1.40532085508
SH600469,1.40481666579
SZ000519,1.40471509282
SH600345,1.40454583319
SH600250,1.40440159507
SZ000018,1.4043684223
SZ000721,1.40432681524
SZ000698,1.40424654746
SH600569,1.40419076124
SZ000980,1.40412005087
SH600762,1.40407631566
SH600375,1.40403205725
SH600281,1.40396816577
SH600288,1.40379040957
SZ002206,1.40375704196
SH600526,1.40372562396
SZ000078,1.40367815626
SZ002023,1.40362807039
SH600561,1.40334328793
SZ000915,1.40315840793
SH600293,1.4031304908
SH600113,1.40306559892
SH600186,1.40299952478
SZ000822,1.40247546359
SH601588,1.40238133421
SH600696,1.40220821524
SH600960,1.40201876145
SH600626,1.40175268121
SH600368,1.40164366272
SH600057,1.40162881133
SZ000848,1.40138351159
SH600871,1.40131154543
SZ002093,1.40120557886
SZ000630,1.40115608114
SH600401,1.40097617381
SZ000948,1.40096294139
SH600470,1.40087266518
SZ000153,1.40062509331
SH600973,1.40055303452
SZ000997,1.40036742692
SZ200761,1.40033540468
SH600690,1.40029393747
SZ002121,1.39989376881
SH600736,1.39972271529
SH600080,1.399716446
SZ000526,1.39970192389
SH600026,1.39957517332
SH600462,1.39943033914
SH600991,1.39930949449
SZ000966,1.39927004734
SZ000402,1.39915911819
SH601666,1.39912573401
SZ000539,1.39910973304
SZ002008,1.39872781119
SH600153,1.39866303337
SZ000593,1.39865319664
SZ000669,1.39861150764
SH600198,1.39844844977
SH600702,1.39814483415
SH601003,1.39798365712
SZ000736,1.39792237404
SH600256,1.39790547195
SZ000158,1.3978859991
SH600631,1.39786742461
SH600741,1.39763771093
SH600854,1.3976219327
SZ000890,1.39750088693
SH600993,1.39741381645
SH600990,1.39711581046
SZ000988,1.39690350025
SH600400,1.39689637718
SZ200869,1.39683629596
SH600590,1.39651558318
SH600202,1.39648006949
SZ002240,1.39637826962
SZ000826,1.39636930131
SZ002032,1.39610784739
SZ000780,1.39598793268
SH600467,1.39582473034
SZ000668,1.39581097224
SH600296,1.39580616926
SZ000068,1.39552792768
SZ000930,1.39536630506
SH600649,1.3953226456
SH600789,1.39510780377
SZ000875,1.3950464061
SH600152,1.39498843253
SZ399133,1.3948332296
SZ000090,1.39479091013
SZ000637,1.39475028956
SH600671,1.39468549669
SH600415,1.3945808846
SH600007,1.39428953589
SZ000688,1.39411351581
SH600328,1.39388881321
SH600351,1.39377042163
SZ000527,1.39365291372
SZ002140,1.39346132153
SZ002268,1.39344632768
SZ002222,1.39336870027
SH600863,1.39283272912
SH600143,1.39271975034
SZ000886,1.39268942803
SZ000038,1.39267554841
SH600886,1.39264865294
SZ002218,1.39256601616
SZ000936,1.39231829655
SH600518,1.39188505672
SH600257,1.39181295617
SH600439,1.39181229208
SH600027,1.39136985054
SH600295,1.39125791322
SH600729,1.39108490416
SH600188,1.39094643155
SZ002039,1.39055514101
SZ000812,1.39038989578
SH600247,1.39011304772
SH600071,1.39007660027
SH600410,1.38963505963
SH600820,1.3894548985
SZ002209,1.38912311842
SZ002219,1.38894214501
SH600050,1.38879543489
SH600403,1.3887769835
SH600187,1.38871144602
SH600575,1.38812151613
SH600096,1.38777068232
SH600979,1.38742665427
SZ002040,1.38716596763
SZ000629,1.38698496444
SZ000978,1.38696106073
SH600537,1.38689237375
SH600330,1.38671297718
SZ000662,1.38619857142
SZ002211,1.38588965859
SH600163,1.38537441633
SH600539,1.38512346799
SH600366,1.38453602375
SZ000815,1.38450160759
SZ002003,1.38437014914
SZ000536,1.38426589366
SZ000001,1.3842276926
SZ000709,1.38416899178
SH600810,1.38416039764
SH600015,1.38413368655
SZ000767,1.38406829897
SZ000531,1.38405483639
SZ000506,1.38369369668
SH600308,1.38365167803
SH600010,1.38363408676
SZ002188,1.38357460375
SH600600,1.38346568336
SZ002256,1.38345504587
SZ000860,1.38339285573
SH600312,1.38326487979
SZ002124,1.38324292213
SH600271,1.38320502309
SH600233,1.3831445169
SZ002258,1.38307108865
SH600798,1.38282594261
SZ399003,1.38248840069
SZ000062,1.38231441821
SH600463,1.38221258233
SH600661,1.38201248949
SH600297,1.38168280037
SH600075,1.38167502395
SZ002137,1.38145730157
SZ000426,1.38141142858
SZ200541,1.38128208904
SH600355,1.381229997
SH600056,1.38082532964
SH600433,1.38078618513
SZ000096,1.3807579626
SH600077,1.38065004429
SH600315,1.38059965247
SH600966,1.3802778033
SZ002096,1.37997543666
SH600200,1.37995136814
SZ002133,1.37989083616
SZ000063,1.37988967766
SH600448,1.37975555044
SH600740,1.37971647717
SH600824,1.37966513826
SH600422,1.37952311397
SH600880,1.37950037628
SH600136,1.37948889201
SH600645,1.37920896183
SH600273,1.37917597656
SH600178,1.37911084949
SZ002139,1.37873359277
SZ000963,1.37837072203
SZ000670,1.37836514799
SH600248,1.37816925501
SH600189,1.37799325192
SZ000599,1.37795388681
SH600754,1.37792196205
SZ002266,1.37789321789
SH600062,1.37785644872
SH600452,1.37759236686
SH600589,1.37744886438
SZ002220,1.37735501099
SH600419,1.37709603236
SH600116,1.37705006113
SZ000408,1.37702109752
SH600774,1.37654350388
SZ399220,1.37618617352
SZ399190,1.37608690022
SH600745,1.37604166414
SZ002068,1.37603063029
SH600562,1.37562981576
SH600814,1.37549423835
SH600588,1.37546117994
SZ002031,1.37539624845
SH600155,1.37501759726
SZ000750,1.37489803048
SZ002010,1.37483318737
SZ002027,1.37471929407
SZ002204,1.3746787505
SH600597,1.37463585098
SZ000987,1.37445401707
SH600650,1.37429208615
SZ000421,1.37415868602
SZ000763,1.37403054399
SH600701,1.37393953857
SZ399120,1.3735198695
SH600983,1.3733129359
SH600008,1.37324841612
SH600545,1.37322099446
SH600260,1.37302164044
SH601958,1.37301110059
SZ002029,1.37295241067
SZ002261,1.372807686
SZ000589,1.37232938963
SH600436,1.37220591147
SZ002021,1.37212423976
SZ000639,1.37171483946
SZ002047,1.37168787781
SZ002082,1.37158864422
SZ002156,1.37122266483
SH600130,1.3712004194
SZ002169,1.37118229384
SZ002251,1.37112879765
SH600085,1.37079844003
SZ002074,1.37073161143
SZ000666,1.37059638894
SZ002050,1.37039063843
SZ000016,1.37027724519
SH600978,1.37013933794
SZ002223,1.36979534813
SH600320,1.3696044276
SH600794,1.36954268317
SH600572,1.3694207856
SZ002164,1.36941396345
SH600498,1.36884373495
SH600292,1.36871675704
SH600242,1.36812855147
SH600455,1.36807719186
SH600659,1.36778422384
SH600697,1.36764888803
SZ000830,1.36732594401
SZ002146,1.36715277801
SZ399200,1.3668232697
SH600839,1.36672491013
SZ002160,1.36663605991
SH600686,1.36657931871
SH600532,1.36647252932
SH600688,1.36612474502
SH600460,1.36606661616
SH600822,1.36568532747
SH600708,1.36567725139
SZ000903,1.36548698635
SZ000759,1.36538265849
SZ000671,1.36510242996
SZ000967,1.3648252405
SH600787,1.36480659629
SZ002180,1.36475027823
SH600180,1.36451711184
SH600353,1.36434705577
SZ002092,1.36433045656
SZ002091,1.36431928337
SH600105,1.3642957764
SZ002224,1.36373341351
SZ000021,1.36363925537
SZ000905,1.36358389124
SH600236,1.3633447369
SH201001,1.36325126593
SH600700,1.36301272025
SH600500,1.36280293798
SH600255,1.36278516775
SH600037,1.36277237866
SH600125,1.36268317639
SH600126,1.36256571134
SH600066,1.36230040246
SH600487,1.36199328033
SZ002237,1.36193893292
SZ000705,1.3618442573
SH600577,1.36166390077
SH600420,1.36145806518
SZ000583,1.36127300185
SH600512,1.36119031764
SZ000700,1.36115018568
SZ002083,1.3608647892
SH601918,1.36074577184
SZ002062,1.36070925815
SH600491,1.36062720302
SH600237,1.36038326137
SH600557,1.36025693361
SH600734,1.36018213883
SH600628,1.36008954744
SH600571,1.36000681329
SZ000810,1.35975027485
SZ000564,1.35935361582
SH600970,1.35928753504
SZ000816,1.35916561519
SZ000732,1.3590027938
SZ002034,1.35855149135
SZ000551,1.35850186567
SZ000417,1.35838819606
SH600642,1.35817497146
SH600333,1.3580486431
SZ002116,1.35798504402
SH600536,1.35773741719
SH600535,1.35743533871
SH600190,1.3572271396
SZ000620,1.35712375497
SZ000977,1.35708017659
SH600065,1.35702091445
SH600168,1.35623217536
SH600280,1.35616153725
SH600560,1.35615484473
SZ000883,1.35579594054
SH600170,1.35575128459
SH600418,1.35572541664
SZ002192,1.35562713926
SZ000517,1.35522477212
SZ002077,1.35516425706
SH600352,1.35501083393
SZ000900,1.35498460414
SZ000488,1.35491970721
SZ002088,1.35489246884
SZ002230,1.35465654076
SZ000088,1.35423383633
SZ002052,1.35387072797
SH600018,1.35332570369
SZ000863,1.35331175697
SZ002130,1.35321562758
SZ002067,1.35289208767
SH600303,1.35279434341
SZ000805,1.35242698427
SH600001,1.35232778551
SZ002227,1.35212469327
SZ002065,1.3516669276
SH600479,1.35137481078
SZ002159,1.35129672869
SZ000027,1.35124177926
SH600019,1.35013102083
SH600215,1.34967447812
SZ000066,1.34955075173
SH600899,1.34946912713
SH600235,1.34945462938
SZ002173,1.34925482551
SH600398,1.34918015793
SH600114,1.34908588203
SZ000618,1.34895386587
SH600370,1.34882104648
SH600283,1.34868049829
SZ002044,1.34798336177
SH600727,1.34768289317
SZ000932,1.34758655132
SZ000913,1.34745503828
SH600011,1.34695284087
SH600006,1.34632085008
SH600827,1.34615737174
SZ002020,1.34583633437
SH600211,1.34571319081
SH600592,1.34557901683
SZ000530,1.34549632582
SH600530,1.34528962885
SZ002163,1.34528413499
SZ000919,1.34497041596
SZ125822,1.34445664256
SH600461,1.34444398319
SZ002080,1.34414101633
SZ002017,1.34388516924
SH600865,1.3434778426
SH600000,1.34326539616
SH600897,1.34272138597
SH600070,1.3421457818
SZ002214,1.34203403413
SH600717,1.34150359102
SZ000516,1.34126113331
SZ002165,1.34048358532
SH600799,1.34005573629
SH500015,1.33980893175
SZ002078,1.3397238435
SZ002025,1.33971500358
SH600520,1.33929514199
SZ002002,1.339192684
SH600321,1.3388732253
SH600567,1.33857068076
SH600726,1.33829033915
SZ000888,1.33773615051
SH600171,1.3375996974
SZ002177,1.33757302446
SH600870,1.33755482152
SZ000549,1.33749538163
SH600887,1.33666191072
SZ399005,1.33603082663
SH600232,1.33591040926
SH600772,1.33574614416
SZ000538,1.33548023388
SZ000429,1.33546338275
SZ000959,1.33520082883
SZ002190,1.33496981266
SZ002155,1.33495250001
SZ002049,1.33474283687
SH1B0004,1.33443502601
SZ002175,1.33380276383
SH601088,1.33375344472
SH600016,1.33374581552
SH600172,1.33373734071
SZ002109,1.33359958803
SZ000699,1.33356404295
SH600028,1.33345502098
SH600519,1.33252935172
SH600513,1.3324856935
SZ000601,1.33228899211
SH600332,1.33152478161
SH600583,1.331328957
SZ002119,1.33068809372
SH600969,1.33011359798
SH600305,1.32984728566
SH601005,1.3292678128
SH600670,1.32924665376
SH601006,1.32865502514
SH600580,1.32843819639
SZ002095,1.32816386614
SZ002120,1.32810286713
SH600563,1.32765976821
SH600992,1.32731258969
SH600987,1.32682393131
SZ002191,1.32627359086
SZ000916,1.32596731027
SZ002205,1.3257941878
SZ002084,1.32529646049
SZ002033,1.325184686
SH600101,1.32426484072
SZ002112,1.32369026089
SH600388,1.32267031287
SZ002195,1.3225432173
SZ000869,1.32241282541
SZ002081,1.32233655387
SZ002184,1.32179711868
SZ002264,1.32140097586
SZ002115,1.32116858996
SH600327,1.3211418143
SZ002045,1.32110335754
SZ399150,1.3204310209
SZ002212,1.3202345505
SZ002059,1.31928624933
SZ002199,1.31920567163
SH600566,1.31894269257
SH600261,1.31885605633
SH600533,1.31874913859
SZ002114,1.31857626185
SH500038,1.3185462845
SH600091,1.3179745034
SZ000912,1.31765774956
SZ002161,1.31739620237
SZ002102,1.31644767607
SZ000653,1.31610185142
SH601999,1.31574867238
SZ002174,1.31572219394
SZ000658,1.3152741775
SZ002171,1.31525618754
SH500002,1.31510979256
SH600493,1.31508397965
SZ002129,1.31490580721
SZ399132,1.31476467408
SZ002185,1.31473629758
SH600317,1.31393979188
SZ002208,1.3137480732
SZ002168,1.31372191719
SZ184701,1.31371916663
SZ000412,1.31369826729
SZ002094,1.31362869604
SZ002153,1.31352972043
SZ002262,1.31344639992
SZ002072,1.31322445845
SZ002128,1.31308903493
SZ002022,1.31288300201
SH600982,1.31277893583
SH600003,1.31263625587
SZ000542,1.31228758781
SZ000022,1.31209651101
SH600227,1.31189988219
SH600181,1.31158727321
SH601318,1.31128159455
SH600976,1.31112667709
SZ002170,1.31107788226
SZ002136,1.3109532624
SH600054,1.3107128668
SH600036,1.31067023661
SZ002057,1.30999907783
SZ002250,1.30947643384
SZ000832,1.30947626344
SZ002239,1.30935460363
SH600529,1.30896225798
SZ002054,1.30893027183
SZ002123,1.30803160126
SH600878,1.30760113368
SZ000956,1.30730255564
SZ002079,1.30703210806
SH600270,1.30685090867
SZ002070,1.30663781185
SZ000621,1.3058893254
SZ000817,1.305584802
SZ002200,1.30523548897
SZ002162,1.30522598869
SZ000765,1.30454473365
SZ002254,1.30450023591
SZ002189,1.30396783484
SH600521,1.30343075847
SH600319,1.30331481276
SZ002063,1.30303327899
SZ399210,1.30232477515
SZ002131,1.30169865123
SZ000866,1.3016609751
SZ184728,1.30157691377
SH600636,1.30062115838
SZ002014,1.30025202414
SZ184692,1.3002322888
SZ002255,1.29981570773
SH600548,1.29892722758
SH600002,1.29842772718
SZ000675,1.29816500413
SZ002242,1.29800875704
SH600350,1.29793007636
SH600004,1.29758138322
SZ002167,1.2973577958
SZ002216,1.29709349359
SZ000729,1.29667411829
SZ000918,1.29666094789
SZ000013,1.29644804485
SZ002135,1.29610159673
SH601002,1.29589393671
SZ399137,1.29574593804
SH600900,1.29543328677
SZ000047,1.29536449413
SZ002246,1.29488124008
SZ002098,1.294861956
SH601390,1.29422173738
SH601166,1.29401916836
SZ399140,1.29392813412
SZ002187,1.29361104769
SZ184721,1.29326866422
SZ399136,1.2932667129
SH120602,1.29322178506
SZ399180,1.29267489065
SH600009,1.29224790611
SZ002181,1.2922331976
SZ000556,1.29136513081
SZ002089,1.29109530985
SZ002076,1.29094046323
SZ002055,1.29084670616
SZ002066,1.28980199513
SZ184705,1.28974132457
SH601898,1.28953456425
SZ399139,1.28835437306
SZ002046,1.28775494722
SZ002043,1.28763167597
SH600060,1.28718046642
SZ002141,1.2870669425
SH500006,1.28703613833
SH600672,1.28652702072
SZ399230,1.28629286289
SZ002051,1.28594693554
SH601808,1.28576175607
SH600573,1.28513120798
SZ002107,1.28496487019
SH600017,1.28429164875
SZ399110,1.28383049572
SZ002245,1.28376183063
SH600356,1.2830545854
SZ000541,1.28302267592
SZ000089,1.28282476216
SH600021,1.28237270785
SZ002056,1.28211600913
SZ002100,1.28171904944
SZ399131,1.28165921972
SZ000535,1.28146943957
SZ125301,1.28144015712
SZ002086,1.28143091561
SH600269,1.28122514981
SZ000769,1.28072507821
SH201005,1.28023358245
SZ002113,1.27950785429
SZ184722,1.2791634866
SH600035,1.27865397365
SZ002225,1.27858210934
SZ399138,1.27852177409
SZ002243,1.27789530274
SZ399134,1.27745597936
SZ000638,1.27659044631
SZ002235,1.27646675437
SZ399316,1.27575691324
SZ184689,1.27566892959
SZ002103,1.27560039602
SH600377,1.27554128253
SH1B0002,1.27549485273
SZ002213,1.27544227125
SZ002193,1.27529997831
SZ399002,1.27508371334
SZ000730,1.27502797502
SZ000660,1.27468595142
SZ002249,1.27460466234
SZ000529,1.27449742611
SZ399315,1.2744161678
SZ002229,1.27402097001
SH500025,1.27358453905
SZ002053,1.27348637986
SH601866,1.27163846933
SZ002073,1.27153291998
SZ399325,1.2710220061
SH600323,1.27074431876
SH600020,1.2703197792
SZ399326,1.270143449
SZ399329,1.26941426364
SZ002125,1.26934332064
SZ399135,1.26912699816
SZ002215,1.26899074687
SZ002071,1.26893344343
SZ002106,1.2681868254
SZ399107,1.2681776642
SH600852,1.26815622484
SZ002132,1.26803501209
SZ002122,1.26783878965
SZ399170,1.26780675694
SZ399351,1.26758347449
SZ399327,1.26758236292
SH600813,1.26727564507
SZ184691,1.2672213018
SZ002151,1.26702496441
SH500005,1.26691170123
SZ399328,1.26663849911
SZ000827,1.26643246849
SH600286,1.26622479306
SH1C0002,1.26588849023
SZ399004,1.26541063412
SZ002026,1.26478153288
SH600033,1.26439418316
SZ399330,1.26425746119
SZ125024,1.26408985905
SZ002198,1.26394801536
SH500003,1.26389922321
SZ002194,1.26367236467
SZ184690,1.26346460781
SZ399331,1.26330704474
SZ399130,1.26282763457
SZ002158,1.2626251568
SZ399332,1.26241435187
SZ399100,1.26232888759
SZ399318,1.26231968716
SZ399323,1.26213285952
SZ399904,1.26173617477
SZ399352,1.26139356003
SZ002099,1.26120357623
SZ399001,1.26114789519
SZ002210,1.26112813124
SZ000406,1.26108593536
SZ399324,1.26094791983
SH600012,1.26079748274
SH601398,1.26076933205
SZ000405,1.26061158654
SZ002110,1.25995858292
SZ399106,1.25925915802
SZ002058,1.25899294056
SZ002085,1.25861498027
SZ002111,1.25848862903
SH000905,1.25766684186
SZ399905,1.25766684186
SZ162703,1.25732166829
SZ161005,1.25714967531
SH1B0008,1.25712258704
SH601628,1.25696450679
SH000020,1.25692990406
SZ159901,1.25685927837
SH601939,1.25673670814
SH500009,1.25662400826
SZ125717,1.25658285248
SH601872,1.25637784825
SH000018,1.25627951387
SZ399901,1.25610287809
SZ184703,1.25564095013
SZ125960,1.25547674029
SH500011,1.25504368375
SZ399101,1.25480346644
SZ399322,1.25478485448
SZ002105,1.25459497924
SZ399160,1.2541660626
SZ184688,1.2539430483
SH500056,1.25387033361
SZ002101,1.25307169523
SZ399313,1.25244247129
SZ399311,1.25220377604
SZ399312,1.25195629476
SZ160505,1.25176847194
SZ002069,1.25134711771
SH510180,1.25116999692
SH500008,1.25071948486
SZ002147,1.25058942241
SH500018,1.25040649234
SH1B0015,1.24946129699
SZ184699,1.24944301079
SZ399907,1.24925530829
SZ002138,1.24911800018
SZ399314,1.24793617837
SH110325,1.24773993318
SH600752,1.24762520777
SZ399914,1.24672251647
SH1B0006,1.2463686658
SZ399317,1.24620836405
SZ184700,1.2459267699
SH600669,1.24545248462
SZ000338,1.24503643039
SZ002154,1.24491779462
SZ399356,1.24431639216
SZ002269,1.24406981204
SH1C0003,1.24370956039
SZ002060,1.24346801187
SZ399353,1.24343076069
SH000901,1.24340785861
SH1B0005,1.24289500871
SZ002267,1.2427691971
SZ399333,1.24260428228
SZ399902,1.24242902216
SH1B0016,1.24167316485
SZ002176,1.24126423231
SH1B0007,1.24064939855
SH500039,1.24026409964
SZ002090,1.24019573854
SZ184698,1.23961422738
SZ002150,1.23924447666
SH000902,1.23868705706
SH1C0004,1.23856881218
SH816004,1.23839608576
SZ399918,1.2383543282
SH110398,1.23778088606
SH510880,1.23776533476
SZ002087,1.2373251042
SZ184713,1.23719203491
SZ002232,1.23706441282
SZ161903,1.23565998546
SH000903,1.23557831423
SZ399310,1.23531187555
SZ150001,1.23517536973
SZ002142,1.23493317179
SZ159902,1.23472728646
SH601186,1.23417863622
SZ002152,1.23403970882
SZ000156,1.23301681052
SZ184693,1.23289453857
SH510050,1.23262185788
SZ399906,1.23146248374
SZ000689,1.23127729844
SZ184709,1.23121841841
SZ399321,1.23110913486
SH110874,1.23088454462
SH500010,1.23057761318
SH1B0001,1.23043424593
SZ161607,1.23024202321
SZ399916,1.23008211156
SZ399919,1.23007781775
SH601333,1.22962891642
SZ161706,1.22945807507
SZ399300,1.22923687
SH500001,1.22896457908
SZ399319,1.22838435857
SH1B0017,1.22797092124
SZ399903,1.22702452131
SZ160706,1.22633173825
SH000021,1.22610177786
SZ399922,1.22562298764
SH100236,1.22501779054
SZ160106,1.22471047586
SZ184706,1.22464013703
SZ162607,1.22396529762
SH500007,1.22380990744
SZ184712,1.22279143229
SZ184702,1.22225550969
SZ002197,1.22140814198
SZ002108,1.22129770442
SH000019,1.22118492726
SZ162605,1.21983401316
SZ399320,1.21936535242
SZ399920,1.2193484785
SH601601,1.21933295647
SZ002134,1.21861118253
SH500058,1.21858005613
SH500029,1.21857193177
SZ399908,1.21803198448
SZ163402,1.21665303989
SH1A0002,1.21648048839
SH601766,1.21635217874
SH1A0001,1.21625279479
SZ002241,1.21514219525
SH500501,1.21510822511
SZ002236,1.21477463741
SH600709,1.2146205204
SH600646,1.2144178743
SH601857,1.21374860077
SZ163801,1.21360771653
SZ399913,1.2127733231
SZ002228,1.21212706043
SH601009,1.21137340559
SH601988,1.21055396726
SH110021,1.21052889583
SZ399921,1.20864213114
SZ184695,1.20861733835
SH100726,1.20859341133
SZ002127,1.20776187092
SH000907,1.20764679879
SH601998,1.20699525332
SH500019,1.20674353443
SZ184718,1.20656288673
SZ002252,1.20602296352
SH000914,1.20508965472
SZ399909,1.20498539587
SZ184720,1.20465466372
SZ184696,1.20361206659
SZ184710,1.20333452362
SZ399910,1.20318718327
SH000904,1.20222620222
SZ002117,1.20180824914
SZ399915,1.20175589029
SZ184719,1.20061110996
SZ160105,1.1986605523
SZ161610,1.19750273228
SZ002238,1.19746878506
SZ184708,1.19695709939
SH100087,1.19618650496
SH816410,1.19589406754
SZ000003,1.19484719625
SZ002126,1.19360986442
SH000908,1.19288027835
SZ160607,1.1926876808
SZ399912,1.1922456908
SH110598,1.19193462913
SH601008,1.19108531288
SZ160610,1.18945552776
SH110026,1.1868599451
SH000916,1.18600192922
SH601007,1.18570421137
SZ399911,1.1856245361
SH500017,1.18456954981
SH110488,1.18314602745
SH110001,1.18280075124
SH500500,1.18125262968
SH601328,1.18049087663
SZ399355,1.17995082647
SH000906,1.17960535918
SH000909,1.17943229586
SZ399357,1.17935292335
SZ162207,1.1776085143
SH500021,1.17743984977
SH816110,1.17731272009
SH601169,1.17677140906
SZ160805,1.17672546678
SH500035,1.17629791918
SH500013,1.17613535501
SZ184711,1.17602297927
SH816400,1.17557700183
SH600788,1.174420716
SZ399917,1.17388112443
SH100096,1.17322688197
SH816310,1.17310857092
SH000913,1.17273604132
SH816100,1.17025708953
SH000917,1.17008020949
SH500503,1.17005621693
SZ184738,1.16808229611
SH500016,1.16683689267
SZ128031,1.16507318011
SH816120,1.16490279535
SZ125932,1.16433414935
SH000912,1.16307879668
SZ125002,1.16292578465
SZ160611,1.1618533053
SH110232,1.16124850097
SH816000,1.16043810615
SZ163302,1.15979277224
SH000910,1.15954287243
SH816420,1.15732217573
SH100795,1.1561249127
SZ150002,1.15575234962
SZ162006,1.15293707065
SH816300,1.1515981912
SZ125898,1.14968195564
SZ125630,1.14907536442
SH500028,1.14834729835
SZ125959,1.14734323819
SH110219,1.14639350637
SZ125629,1.14542996094
SZ163503,1.14529179552
SH100117,1.14409072085
SZ166001,1.14399938681
SZ125488,1.14397475336
SH000915,1.14317804164
SZ112004,1.14229636899
SZ160910,1.13957578944
SZ150003,1.13890926595
SH000911,1.13773314672
SZ399358,1.13618145412
SH120508,1.13398161878
SH816011,1.1322498167
SH816320,1.13183447864
SZ160311,1.13114900324
SZ126002,1.13077321531
SZ160314,1.12967026529
SH110423,1.12760127014
SZ125069,1.12657728836
SH120529,1.12648492914
SH100196,1.12474011337
SH120702,1.12418503959
SH122003,1.12003555917
SH500502,1.1196405605
SH122004,1.11878087263
SZ125930,1.11573872921
SH100009,1.11186716243
SH120486,1.11073188473
SZ125937,1.11063669451
SH110317,1.1087241359
SZ125936,1.10861902567
SH816020,1.10841629328
SH110971,1.10829452643
SH100177,1.10781250377
SZ111025,1.10666666667
SH120525,1.10617596164
SH120701,1.10588505787
SZ111031,1.10417507098
SH100016,1.10353769702
SH120603,1.10334575995
SH110078,1.10192545284
SH120511,1.10075493357
SH110036,1.09997424486
SH120522,1.09933829019
SH122002,1.09881492719
SH816030,1.09849475884
SZ111018,1.09670485412
SH120311,1.09669165599
SH120608,1.09661690341
SH110227,1.09553709267
SH120506,1.09468880211
SZ125729,1.09436032642
SH010605,1.09381824423
SZ111026,1.09316502176
SH010604,1.09287761384
SH122999,1.09285907174
SZ111040,1.09258987367
SH120303,1.09072771529
SZ111021,1.08924792
SZ111022,1.08734610928
SH110418,1.08723284751
SH120304,1.08580344385
SH120483,1.0845683659
SZ111033,1.08429237377
SZ111023,1.08377782103
SZ100307,1.0830886273
SZ111019,1.0821727717
SZ126301,1.08096942199
SH110010,1.08068030587
SH120601,1.08012562254
SH120482,1.07996056822
SH120204,1.07962574268
SH000015,1.07900807616
SH120501,1.07858900949
SZ111032,1.07857440062
SZ100215,1.07673540379
SZ100213,1.07623203653
SZ111028,1.0757030344
SH120518,1.07535528558
SZ101917,1.0744604048
SH120503,1.07394305923
SZ101912,1.07252620999
SH120302,1.07240016823
SZ111024,1.07233320383
SZ100203,1.07213629148
SZ101973,1.07198616874
SH120523,1.07194857496
SH120489,1.07087779336
SH751010,1.07058823529
SH110037,1.07029243686
SH000001,1.06834637715
SZ111020,1.06830809978
SH120203,1.06824398576
SH010303,1.06728830309
SZ101627,1.06708617747
SZ100311,1.06701392522
SZ100308,1.06691890018
SZ101966,1.066743515
SH122008,1.06672553525
SH751009,1.06655290102
SZ100303,1.06623120136
SH120205,1.06562200065
SH120512,1.06432864139
SH120605,1.06415789762
SH126018,1.06287385885
SZ101998,1.06287251034
SZ125302,1.06270521902
SH120201,1.06180807204
SZ100410,1.06139094587
SH120607,1.06112301273
SH126017,1.06112120266
SH122001,1.06079143476
SH110368,1.05970209731
SH120488,1.05965610284
SH120306,1.05965540354
SH120604,1.05960078243
SH100220,1.05928601664
SZ125709,1.05928466438
SH110002,1.05840075079
SZ160613,1.05823293173
SH010213,1.05807057126
SH010107,1.0575624109
SH120502,1.05750465085
SH120305,1.05733443156
SH120505,1.05639532497
SZ111035,1.05405686908
SH129902,1.0535713131
SH100567,1.05336557426
SZ111034,1.0526826533
SH120301,1.05237131491
SH010504,1.0523293885
SH120310,1.05213774562
SH126010,1.05186547592
SH110567,1.05182360354
SH010505,1.05180000898
SH120102,1.05175706351
SZ100407,1.05153702327
SH122007,1.05082307294
SZ101995,1.05079293383
SH010512,1.04964540332
SZ112006,1.04927525891
SH120510,1.04910183325
SZ112002,1.04894984185
SH010702,1.04864194161
SH129805,1.04858683978
SZ125528,1.04856275793
SH751005,1.04832674008
SZ112001,1.04824943743
SH126015,1.04821048161
SZ100505,1.04816432028
SZ111027,1.04797053782
SZ111039,1.04789039266
SH120606,1.04742247304
SH010509,1.04728098132
SH010513,1.04661121308
SZ111015,1.04638008116
SH010603,1.0456763448
SH126011,1.04535737853
SH126014,1.04429302463
SH120309,1.04425707266
SH126007,1.04414990632
SZ101649,1.04411186235
SH120307,1.04385372757
SH751021,1.04384522413
SH120101,1.04366171493
SZ101904,1.04345416501
SH126009,1.04336442888
SZ100403,1.04306747178
SH129903,1.04260612981
SH126013,1.04234487856
SH126001,1.04216159177
SZ100404,1.04200257629
SZ101903,1.04199429499
SH122006,1.04170485471
SH010203,1.0413617344
SZ100301,1.0413306669
SH010307,1.0411902018
SZ100503,1.04105701343
SH120308,1.04103180531
SZ115002,1.04095205477
SH126006,1.04055626037
SH126016,1.04051287835
SH122009,1.04035556845
SH010601,1.04028651471
SH126005,1.03973275749
SH120207,1.03964701917
SH126002,1.03958182605
SZ115003,1.03952836666
SZ111041,1.03879946208
SH120288,1.03876924955
SH129803,1.0384018503
SH010308,1.03824247715
SZ111030,1.03813518017
SH010501,1.03811797668
SZ125572,1.03800247792
SZ111016,1.03796507076
SZ112005,1.03790602259
SZ112003,1.03774380057
SH1B0010,1.03771987596
SH110003,1.03764491628
SZ101968,1.03751048469
SH122011,1.03700826455
SH126008,1.03613140141
SH126003,1.03601652639
SZ115001,1.03599170279
SZ399481,1.03585583629
SZ100115,1.03528463467
SH010112,1.03520942981
SH010407,1.03453860186
SH010404,1.03413462611
SH120528,1.03394197589
SH120202,1.03374284814
SH122997,1.03356930078
SH122005,1.03351081698
SZ100408,1.03334901925
SH010210,1.03323695489
SH010311,1.0326467153
SH000023,1.03129778404
SH000896,1.03115875707
SZ111042,1.03098485678
SH122010,1.03091128426
SH120517,1.03067630327
SH122012,1.03056463868
SZ399924,1.03032369807
SH129901,1.0301304112
SZ100210,1.03001318555
SZ111043,1.02986806738
SH010115,1.02857207685
SH010410,1.02846031364
SH122013,1.02834255824
SH010514,1.02834198354
SH010110,1.02812218916
SH010004,1.027536067
SZ111012,1.02727453542
SH010511,1.02720691317
SH009704,1.02691414318
SH010010,1.02681298276
SZ111038,1.02665007004
SH129905,1.02638357356
SH010301,1.02610880049
SH129904,1.02582710202
SH129801,1.02554929017
SH120206,1.02512018394
SH122000,1.0249539434
SZ111044,1.024344152
SH009905,1.02417493614
SZ100411,1.02401674518
SH009908,1.02378207696
SH129806,1.02331345098
SZ111037,1.02329593882
SZ100214,1.02277849324
SH010215,1.02228682428
SH010214,1.02221781598
SH010103,1.02206115557
SH1B0009,1.02202582874
SH010506,1.02124905475
SZ100507,1.02115170529
SH129804,1.02096262996
SH120001,1.02087647693
SH010408,1.02087564679
SH010403,1.01999970806
SZ100401,1.01992601337
SH010503,1.01982437313
SH122996,1.01967060866
SZ111036,1.01954437741
SH010508,1.01943832996
SH129702,1.01910974674
SZ399923,1.01819491402
SH126012,1.01814602627
SH129802,1.01795624099
SH000022,1.01719910594
SH122998,1.01681635196
SH010507,1.01637670812
SH010405,1.01581191874
SH000696,1.0140546421
SZ100502,1.01400166588
SH010510,1.01200038415
SZ111013,1.01191134313
SZ100405,1.01146617653
SH010502,1.01124522203
SH738019,1.01060432589
SZ111017,1.01039277031
SH010411,1.01011910956
SZ100815,1.00776861725
SH122994,1.00776209677
SH129701,1.0064491654
SH010709,1.00621758202
SH009703,1.00510004113
SH000012,1.00488720703
SH010401,1.00437140725
SH010719,1.00342534757
SH010515,1.0026612876
